{
    "vertices":[1,0.022781,-11.608,1,0.022782,11.608,-1,0.022782,11.608,-1,0.022781,-11.608,1,11.6308,-11.608,0.999999,11.6308,11.608,-1,11.6308,11.608,-1,11.6308,-11.608],
    "normals":[-0,-1,0,0,1,-0,1,0,0,-3e-06,-0,1,-1,-0,-0,2e-06,0,-1],
    "materials":[{
        "depthWrite":true,
        "shading":"phong",
        "visible":true,
        "DbgColor":15658734,
        "mapDiffuse":"bepis.png",
        "mapDiffuseRepeat":[1,1],
        "depthTest":true,
        "colorSpecular":[0.5,0.5,0.5],
        "specularCoef":50,
        "transparent":false,
        "DbgIndex":0,
        "mapDiffuseWrap":["repeat","repeat"],
        "wireframe":false,
        "mapDiffuseAnisotropy":1,
        "colorDiffuse":[0.64,0.64,0.64],
        "blending":"NormalBlending",
        "doubleSided":false,
        "colorEmissive":[0,0,0],
        "opacity":1,
        "DbgName":"Material.001"
    }],
    "uvs":[[0,0,0.999929,0.016216,0.999929,1.02385,7.1e-05,1.02385,7.1e-05,0.016216]],
    "faces":[43,0,1,2,3,0,0,0,0,0,0,0,0,0,43,4,7,6,5,0,0,0,0,0,1,1,1,1,43,0,4,5,1,0,1,2,3,4,2,2,2,2,43,1,5,6,2,0,0,0,0,0,3,3,3,3,43,2,6,7,3,0,0,0,0,0,4,4,4,4,43,4,0,3,7,0,0,0,0,0,5,5,5,5],
    "metadata":{
        "normals":6,
        "version":3,
        "uvs":1,
        "type":"Geometry",
        "vertices":8,
        "generator":"io_three",
        "materials":1,
        "faces":6
    },
    "animations":[]
}