{
    "animations":[],
    "metadata":{
        "materials":1,
        "generator":"io_three",
        "faces":6,
        "normals":6,
        "uvs":1,
        "vertices":8,
        "type":"Geometry",
        "version":3
    },
    "uvs":[[-1.23831,0,2.23831,0,2.23831,1,-1.23831,1]],
    "materials":[{
        "depthWrite":true,
        "blending":"NormalBlending",
        "depthTest":true,
        "transparent":false,
        "colorDiffuse":[0.64,0.64,0.64],
        "wireframe":false,
        "mapDiffuseRepeat":[1,1],
        "DbgName":"Material.008",
        "DbgIndex":0,
        "colorEmissive":[0,0,0],
        "colorSpecular":[0.5,0.5,0.5],
        "mapDiffuseWrap":["repeat","repeat"],
        "mapDiffuse":"redbrick.png",
        "mapDiffuseAnisotropy":1,
        "specularCoef":50,
        "DbgColor":15658734,
        "opacity":1,
        "doubleSided":false,
        "shading":"phong",
        "visible":true
    }],
    "vertices":[-11.1742,-1.9808,241.171,200.648,-1.98079,241.171,-11.1742,-1.9808,327.045,200.648,-1.98079,327.045,-11.1742,59.8036,241.171,200.648,59.8036,241.171,-11.1742,59.8036,327.045,200.648,59.8036,327.045],
    "faces":[43,0,2,3,1,0,0,1,2,3,0,0,0,0,43,4,5,7,6,0,0,1,2,3,1,1,1,1,43,2,0,4,6,0,0,1,2,3,2,2,2,2,43,3,2,6,7,0,0,1,2,3,3,3,3,3,43,1,3,7,5,0,0,1,2,3,4,4,4,4,43,0,1,5,4,0,0,1,2,3,5,5,5,5],
    "normals":[-0,1,-0,0,-1,0,1,0,0,0,0,-1,-1,-0,0,-0,0,1]
}
