{
    "metadata":{
        "normals":30,
        "version":3,
        "faces":135,
        "vertices":144,
        "type":"Geometry",
        "uvs":1,
        "materials":1,
        "generator":"io_three"
    },
    "materials":[{
        "DbgName":"Material",
        "mapDiffuse":"watercolor_texture_9.jpg",
        "mapDiffuseRepeat":[1,1],
        "wireframe":false,
        "depthWrite":true,
        "transparent":false,
        "visible":true,
        "mapDiffuseAnisotropy":1,
        "shading":"phong",
        "DbgColor":15658734,
        "specularCoef":50,
        "mapDiffuseWrap":["repeat","repeat"],
        "doubleSided":false,
        "colorSpecular":[0.5,0.5,0.5],
        "colorEmissive":[0,0,0],
        "opacity":1,
        "blending":"NormalBlending",
        "DbgIndex":0,
        "colorDiffuse":[0.503628,0.359008,0.64],
        "depthTest":true
    }],
    "normals":[0,0,0,0,-0,1,0,0,1,0,0,1,-0,0,1,-1,0,0,-0,0,1,1,0,0,1,0,-0,1,-0,0,-1,0,-0,-1,-0,0,0,0,-1,0,-1,-0,-0,-1,0,0,1,0,-0,-1,0,-0,0,-1,0,1,0,0,-1,0,-0,-1,-0,0,-1,0,0.273173,-0.961965,0,-0.273173,-0.961965,0,0,0,1,-1,0,-0,-0,0,1,0,1,-0,0,-1,0,0,1,-0],
    "faces":[42,95,96,99,0,5,0,1,0,0,0,42,99,14,8,0,1,2,3,1,1,1,42,8,19,95,0,3,4,5,2,2,2,42,99,8,95,0,1,3,5,2,2,2,42,115,21,9,0,11,6,7,3,3,3,42,9,28,113,0,7,8,9,3,3,3,42,112,115,9,0,10,11,7,4,4,4,42,9,113,112,0,7,9,10,4,4,4,42,27,30,18,0,17,12,13,5,5,5,42,18,86,93,0,13,14,15,5,5,5,42,93,90,27,0,15,16,17,5,5,5,42,18,93,27,0,13,15,17,5,5,5,42,4,12,103,0,21,18,19,2,2,2,42,104,107,17,0,20,9,8,2,2,2,42,4,103,104,0,21,19,20,6,6,6,42,104,17,4,0,20,8,21,1,1,1,42,99,14,35,0,27,22,23,7,7,7,42,35,22,100,0,23,24,25,8,8,8,42,102,99,35,0,26,27,23,9,9,9,42,35,100,102,0,23,25,26,7,7,7,42,25,32,12,0,13,28,29,5,5,5,42,12,103,109,0,29,30,31,5,5,5,42,109,106,25,0,31,32,13,5,5,5,42,12,109,25,0,29,31,13,5,5,5,42,91,13,31,0,37,33,34,7,7,7,42,31,26,92,0,34,35,16,8,8,8,42,94,91,31,0,36,37,34,9,9,9,42,31,92,94,0,34,16,36,7,7,7,42,107,17,33,0,22,38,39,7,7,7,42,33,24,108,0,39,40,24,8,8,8,42,110,107,33,0,23,22,39,9,9,9,42,33,108,110,0,39,24,23,7,7,7,42,5,15,16,0,44,41,42,2,2,2,42,111,114,20,0,43,19,18,2,2,2,42,5,16,111,0,44,42,43,6,6,6,42,111,20,5,0,43,18,44,1,1,1,42,20,36,21,0,11,45,46,7,7,7,42,21,115,117,0,46,47,48,7,7,7,42,117,114,20,0,48,6,11,9,9,9,42,21,117,20,0,46,48,11,7,7,7,42,113,28,29,0,54,49,50,10,10,10,42,29,15,16,0,50,51,52,11,11,11,42,116,113,29,0,53,54,50,5,5,5,42,29,16,116,0,50,52,53,11,11,11,42,22,10,23,0,4,55,56,0,0,0,42,23,98,97,0,56,57,58,4,4,4,42,97,100,22,0,58,5,4,4,4,4,42,23,97,22,0,56,58,4,3,3,3,42,24,6,25,0,41,59,2,0,0,0,42,25,106,105,0,2,1,60,4,4,4,42,105,108,24,0,60,42,41,4,4,4,42,25,105,24,0,2,60,41,3,3,3,43,55,58,57,56,0,61,62,63,64,12,12,12,12,43,39,51,60,59,0,65,66,67,68,2,2,2,2,43,44,39,55,56,0,69,70,71,72,13,13,13,13,43,59,60,64,63,0,68,67,73,74,2,2,2,2,43,55,39,59,61,0,71,70,75,76,14,14,14,14,43,58,62,61,55,0,77,78,79,80,2,2,2,2,43,51,58,62,60,0,81,82,83,84,15,15,15,15,43,63,64,66,65,0,85,86,87,88,10,10,10,10,43,61,59,63,65,0,76,75,89,90,16,16,16,16,43,62,61,65,66,0,64,91,92,61,17,17,17,17,43,60,62,66,64,0,84,83,93,94,18,18,18,18,43,39,42,73,71,0,72,72,72,72,0,0,0,0,43,53,52,69,70,0,95,96,97,38,5,5,5,5,43,71,73,76,74,0,72,72,72,72,0,0,0,0,43,73,72,75,76,0,72,72,72,72,0,0,0,0,43,74,76,79,77,0,72,72,72,72,0,0,0,0,43,76,75,78,79,0,72,72,72,72,0,0,0,0,43,80,84,81,77,0,98,99,100,101,6,6,6,6,43,77,81,83,79,0,101,100,102,103,2,2,2,2,43,79,83,82,78,0,103,102,99,98,2,2,2,2,42,117,115,112,0,104,105,106,19,19,19,42,112,113,116,0,106,107,108,20,20,20,42,116,16,111,0,108,109,110,19,19,19,42,111,114,117,0,110,111,104,19,19,19,42,117,112,116,0,104,106,108,16,16,16,42,117,116,111,0,104,108,110,20,20,20,42,86,87,91,0,105,104,111,0,0,0,42,94,92,89,0,112,113,114,19,19,19,42,86,91,94,0,105,111,112,19,19,19,42,89,90,93,0,114,115,116,20,20,20,42,93,86,94,0,116,105,112,19,19,19,42,94,89,93,0,112,114,116,16,16,16,42,23,34,19,0,29,117,118,5,5,5,42,19,95,101,0,118,119,120,5,5,5,42,101,98,23,0,120,30,29,5,5,5,42,19,101,23,0,118,120,29,5,5,5,42,102,100,97,0,121,122,123,19,19,19,42,97,98,101,0,123,91,124,20,20,20,42,101,95,96,0,124,113,112,19,19,19,42,96,99,102,0,112,111,121,19,19,19,42,102,97,101,0,121,123,124,16,16,16,42,102,101,96,0,121,124,112,20,20,20,42,92,26,11,0,57,56,125,3,3,3,42,11,27,90,0,125,126,127,3,3,3,42,89,92,11,0,128,57,125,4,4,4,42,11,90,89,0,125,127,128,4,4,4,42,107,110,108,0,133,129,122,0,0,0,42,105,106,109,0,121,111,130,20,20,20,42,107,108,105,0,133,122,121,19,19,19,42,109,103,104,0,130,131,132,19,19,19,42,104,107,105,0,132,133,121,19,19,19,42,105,109,104,0,121,130,132,13,13,13,43,68,70,69,67,0,134,135,136,137,2,2,2,2,43,57,68,67,56,0,138,139,140,141,7,7,7,7,43,43,37,39,44,0,142,143,70,69,21,21,21,21,43,41,42,39,37,0,144,145,70,143,22,22,22,22,43,75,76,41,40,0,146,147,148,149,23,23,23,23,43,53,64,63,52,0,95,86,85,96,11,11,11,11,43,3,38,37,2,0,150,151,152,153,6,6,6,6,43,2,37,119,118,0,72,72,72,72,0,0,0,0,43,120,121,123,122,0,72,72,72,72,0,0,0,0,43,123,37,2,122,0,154,155,156,157,5,5,5,5,43,121,120,124,125,0,72,72,72,72,0,0,0,0,43,125,124,126,127,0,72,72,72,72,0,0,0,0,43,127,126,128,129,0,158,159,160,161,24,24,24,24,43,129,128,130,131,0,162,163,149,164,8,8,8,8,43,38,3,132,133,0,165,97,166,133,25,25,25,25,43,133,132,134,135,0,167,158,161,40,12,12,12,12,43,135,134,136,137,0,168,169,154,170,8,8,8,8,43,38,40,41,37,0,151,151,103,152,26,26,26,26,42,37,43,67,0,143,142,171,19,19,19,42,67,69,52,0,171,172,173,20,20,20,42,38,37,67,0,174,143,171,19,19,19,42,67,52,38,0,171,173,174,13,13,13,43,52,63,59,40,0,173,89,75,174,21,21,21,21,42,7,18,86,0,176,33,37,2,2,2,42,87,91,13,0,175,127,126,2,2,2,42,7,86,87,0,176,37,175,6,6,6,42,87,13,7,0,175,126,176,1,1,1,43,54,60,64,53,0,177,84,94,178,27,27,27,27,43,142,143,138,139,0,179,180,181,182,28,28,28,28,43,3,2,140,141,0,72,72,72,72,0,0,0,0,43,0,139,138,1,0,185,186,183,184,29,29,29,29],
    "vertices":[-100,-5e-06,-109.706,100,-5e-06,-109.706,-100,-4e-06,-100,100,-4e-06,-100,-25,3e-06,75,25,3e-06,75,-25,3e-06,62.5,-62.5,3e-06,75,62.5,3e-06,75,25,3e-06,62.5,62.5,3e-06,62.5,-62.5,3e-06,62.5,-18.75,3e-06,75,-68.75,3e-06,75,56.25,3e-06,75,31.25,3e-06,75,31.25,70,75,-31.25,3e-06,75,-56.25,3e-06,75,68.75,3e-06,75,18.75,3e-06,75,18.75,3e-06,62.5,56.25,3e-06,62.5,68.75,3e-06,62.5,-31.25,3e-06,62.5,-18.75,3e-06,62.5,-68.75,3e-06,62.5,-56.25,3e-06,62.5,31.25,3e-06,62.5,31.25,3e-06,68.75,-56.25,3e-06,68.75,-68.75,3e-06,68.75,-18.75,3e-06,68.75,-31.25,3e-06,68.75,68.75,3e-06,68.75,56.25,3e-06,68.75,18.75,3e-06,68.75,-100,80,-100,100,80,-100,-100,80,62.5,100,80,-100,0,108.397,-100,0,108.397,62.5,-110,80,-100,-110,80,62.5,-110,80,62.5,-110,70,-100,-110,70,62.5,-110,70,-100,-110,70,62.5,-100,70,-100,-100,70,62.5,110,80,-100,110,70,-100,100,70,-100,-100,80,72.5,-110,80,72.5,-110,70,72.5,-100,70,72.5,100,80,62.5,100,70,62.5,100,80,72.5,100,70,72.5,110,80,62.5,110,70,62.5,110,80,72.5,110,70,72.5,-110,80,-110,-110,70,-110,110,80,-110,110,70,-110,-100,80,62.5,100,80,62.5,0,108.397,62.5,-100,80,62.5,100,80,62.5,0,108.397,62.5,-100,80,62.5,100,80,62.5,0,108.397,62.5,100,80,62.5,-66.7101,84.7267,62.5,66.7101,84.7267,62.5,0,103.671,62.5,66.7101,84.7267,62.5,-90,80,62.5,-56.25,70,75,-62.5,70,75,-62.5,70,68.75,-62.5,70,62.5,-56.25,70,62.5,-68.75,70,75,-68.75,70,62.5,-56.25,70,68.75,-68.75,70,68.75,68.75,70,75,62.5,70,75,62.5,70,62.5,68.75,70,62.5,56.25,70,75,56.25,70,62.5,68.75,70,68.75,56.25,70,68.75,-18.75,70,75,-25,70,75,-25,70,62.5,-18.75,70,62.5,-31.25,70,75,-31.25,70,62.5,-18.75,70,68.75,-31.25,70,68.75,25,70,75,25,70,62.5,31.25,70,62.5,18.75,70,75,18.75,70,62.5,31.25,70,68.75,18.75,70,68.75,-100,-4e-06,-100,-100,80,-100,-100,3e-06,60,-100,80,60,-100,3e-06,60,-100,80,60,-100,3e-06,60,-100,80,60,-100,3e-06,60,-100,80,60,-90,3e-06,60,-90,80,60,-90,-4e-06,-100,-90,80,-100,100,3e-06,70,100,80,70,90,3e-06,70,90,80,70,90,-4e-06,-90,90,80,-90,100,4e-06,90.2936,-100,4e-06,90.2936,-100,-4e-06,-100,100,-4e-06,-100,-100,4e-06,89.4423,100,4e-06,89.4423],
    "animations":[],