{
    "faces":[43,0,1,2,3,0,0,1,2,3,0,0,0,0,43,4,7,6,5,0,4,5,6,7,1,1,1,1,43,0,4,5,1,0,0,4,7,1,2,2,2,2,43,1,5,6,2,0,1,8,9,2,3,3,3,3,43,2,6,7,3,0,2,10,11,3,4,4,4,4,43,4,0,3,7,0,12,0,3,13,5,5,5,5],
    "animations":[],
    "metadata":{
        "faces":6,
        "version":3,
        "materials":1,
        "generator":"io_three",
        "uvs":1,
        "normals":6,
        "type":"Geometry",
        "vertices":8
    },
    "uvs":[[0.5,0.660618,0.5,0.326048,0.249073,0.326048,0.249073,0.660618,0.750927,0.660618,1.00185,0.660618,1.00185,0.326048,0.750927,0.326048,0.5,-0.008522,0.249073,-0.008522,-0.001855,0.326048,-0.001855,0.660619,0.5,0.995188,0.249073,0.995188]],
    "normals":[-0,-1,0,0,1,-0,1,0,0,-0,-0,1,-1,-0,-0,0,0,-1],
    "materials":[{
        "visible":true,
        "blending":"NormalBlending",
        "colorSpecular":[0.5,0.5,0.5],
        "transparent":false,
        "DbgColor":15658734,
        "depthTest":true,
        "depthWrite":true,
        "colorDiffuse":[0.64,0.64,0.64],
        "DbgIndex":0,
        "mapDiffuseRepeat":[1,1],
        "DbgName":"Material",
        "shading":"phong",
        "specularCoef":50,
        "mapDiffuseWrap":["repeat","repeat"],
        "opacity":1,
        "wireframe":false,
        "mapDiffuse":"diemap.png",
        "colorEmissive":[0,0,0],
        "mapDiffuseAnisotropy":1,
        "doubleSided":false
    }],
    "vertices":[-0.47207,0.47207,0.47207,-0.47207,0.47207,-0.47207,0.47207,0.47207,-0.47207,0.47207,0.47207,0.47207,-0.472071,-0.47207,0.47207,-0.47207,-0.47207,-0.472071,0.472071,-0.47207,-0.47207,0.47207,-0.47207,0.47207]
}