{
    "vertices":[11.3172,8.28817,-4.90504,1.1106,-0.448978,-1.0842,11.6127,14.4045,5,1.11061,-0.448978,1.00495,7.46845,11.2804,4.42913,2.9471,1.31879,2.00371,4.99845,6.12292,3.96985,5.15183,4.05678,3.00247,1.99449,0.434906,1.50433,5.52234,5.26949,3.50185,4.25136,2.47316,2.50309,4.64614,3.08656,-3.0421,2.87837,1.31879,-8.00827,7.86599,5.67814,-4.02105,1.99449,0.434906,-1.57367,5.53002,3.97044,-8.1913,3.76225,2.20267,-2.55262,10.1488,7.00453,-10.5641,9.19758,8.28817,-0.425189,18.0503,12.7826,-2.50001,8.90584,8.72681,0.845396,-11.3172,8.28817,-4.90503,-1.11061,-0.448978,-1.08419,-11.6127,14.4045,5,-1.1106,-0.448978,1.00495,-7.46845,11.2804,4.42913,-2.9471,1.31879,2.00371,-4.99844,6.12292,3.96986,-5.15183,4.05678,3.00248,-1.99449,0.434905,1.50433,-5.52234,5.26949,3.50186,-4.25136,2.47316,2.50309,-4.64614,3.08656,-3.0421,-2.87837,1.31879,-8.00826,-7.86599,5.67814,-4.02105,-1.99449,0.434905,-1.57367,-5.53003,3.97044,-8.19129,-3.76226,2.20267,-2.55262,-10.1488,7.00453,-10.5641,-9.19758,8.28817,-0.425183,-18.0503,12.7826,-2.5,-8.90584,8.7268,0.845402],
    "uvs":[[0.145305,0.578373,0,0.385628,0.228152,0.392157,0.144045,0.175989,0.310568,0.215762,0.340328,0.165389,0.195599,0,0.399848,0.064641,0.429609,0.014267,0.490925,0.054684,0.490188,0.124188,0.488516,0.195866,0.481028,0.288425,0.477398,0.383698,0.482391,0.448828,0.5,0.472102,0.460215,0.745175,0.408682,1,0.345214,0.629179,0.305625,0.598001,0.107161,1,0.143757,0.574467,0.107683,0.992187,0.299844,0.594094,0.33838,0.629179,0.407725,0.992188,0.46166,0.741269,0.5,0.472102,0.478547,0.444922,0.479634,0.387604,0.479909,0.288425,0.488047,0.19196,0.490281,0.120282,0.497356,0.054684,0.433672,0.018174,0.397026,0.064641,0.206745,0,0.335453,0.161482,0.314432,0.211856,0.148924,0.175989,0.221067,0.392157,0.003906,0.389534]],
    "faces":[42,0,17,13,0,0,1,2,0,0,0,42,13,15,11,0,2,3,4,1,1,1,42,16,12,14,0,5,6,7,2,2,2,42,13,11,16,0,2,4,5,3,3,3,42,19,0,13,0,20,0,2,4,4,4,42,18,19,13,0,19,20,2,5,5,5,42,13,16,14,0,2,5,7,6,6,6,42,14,1,3,0,7,8,9,7,7,7,42,3,8,5,0,9,10,11,8,8,8,42,3,5,10,0,9,11,12,9,9,9,42,13,14,3,0,2,7,9,10,10,10,42,20,18,13,0,18,19,2,11,11,11,42,4,2,20,0,16,17,18,12,12,12,42,9,6,4,0,14,15,16,13,13,13,42,7,9,4,0,13,14,16,14,14,14,42,4,20,13,0,16,18,2,15,15,15,42,13,3,10,0,2,9,12,16,16,16,42,10,7,4,0,12,13,16,17,17,17,42,13,10,4,0,2,12,16,18,18,18,42,21,40,39,0,21,22,23,19,19,19,42,41,23,25,0,24,25,26,20,20,20,42,38,21,39,0,41,21,23,21,21,21,42,41,25,27,0,24,26,27,22,22,22,42,34,38,39,0,40,41,23,23,23,23,42,39,41,27,0,23,24,27,24,24,24,42,39,27,30,0,23,27,28,25,25,25,42,32,36,34,0,38,39,40,26,26,26,42,34,39,30,0,40,23,28,27,27,27,42,34,30,28,0,40,28,29,28,28,28,42,37,32,34,0,37,38,40,29,29,29,42,35,33,37,0,35,36,37,30,30,30,42,24,22,35,0,33,34,35,31,31,31,42,26,29,24,0,31,32,33,32,32,32,42,34,28,31,0,40,29,30,33,33,33,42,31,26,24,0,30,31,33,34,34,34,42,24,35,37,0,33,35,37,35,35,35,42,37,34,31,0,37,40,30,36,36,36,42,31,24,37,0,30,33,37,37,37,37],
    "normals":[-0.610945,0.789895,-0.05303,-0.621652,0.782805,0.027663,-0.707107,0.707107,0,-0.408136,0.719389,0.562053,-0.579887,0.8063,0.116663,-0.487918,0.782329,-0.387166,-0.408135,0.719389,0.562055,-0.707107,0.707107,0,0,0.491904,-0.87065,-0.533858,0.761863,-0.366824,-0.658232,0.752127,0.032185,-0.494892,0.780036,-0.382918,-0.408728,0.657797,-0.632649,-0.374308,0.258565,-0.890527,-0.946163,0.316674,-0.067033,0.11627,0.830326,-0.545015,-0.677489,0.735398,-0.014092,-0.428947,-0.040662,0.902414,-0.874586,0.384163,-0.295835,0.482754,0.845443,-0.228417,0.408727,0.657797,-0.632649,0.313095,0.938097,-0.148142,0.719774,0.395518,-0.570518,0.781649,0.605417,-0.149984,0.701884,0.608009,-0.371059,0.709643,-0.050249,-0.702767,0.621652,0.782805,0.027662,0.738501,0.645436,-0.195009,0.889718,0.37752,-0.256672,0.408137,0.71939,0.562052,0.707107,0.707107,-0,0.707107,0.707107,-0,-4e-06,0.491901,-0.870651,0.824553,0.530704,-0.196127,0.533858,0.761863,-0.366824,0.707107,0.707107,-0,0.641732,0.76664,0.021066,0.68797,0.725208,0.027756],
    "animations":[],
    "metadata":{
        "type":"Geometry",
        "normals":38,
        "version":3,
        "vertices":42,
        "uvs":1,
        "faces":38,
        "generator":"io_three",
        "materials":1
    },
    "materials":[{
        "depthTest":true,
        "blending":"NormalBlending",
        "wireframe":false,
        "depthWrite":true,
        "mapDiffuseAnisotropy":1,
        "opacity":1,
        "DbgColor":15658734,
        "DbgIndex":0,
        "shading":"phong",
        "specularCoef":50,
        "colorEmissive":[0,0,0],
        "colorSpecular":[0.5,0.5,0.5],
        "mapDiffuseRepeat":[1,1],
        "visible":true,
        "doubleSided":false,
        "mapDiffuse":"lala_enemy_bat_uv.png",
        "mapDiffuseWrap":["repeat","repeat"],
        "colorDiffuse":[0.64,0.64,0.64],
        "DbgName":"bat_wings",
        "transparent":false
    }]
}