{
    "vertices":[1.41421,-0.191151,-0.872252,-1e-06,1.0975,-1.45482,1.41421,0.632722,0.950173,0,1.92137,0.367608,-0,-1.4798,-0.289685,-1.41421,-0.191151,-0.872251,1e-06,-1.81245,3.52254,-1.41421,0.632722,0.950174],
    "uvs":[[0.508099,1,0.254049,1,0.254049,0.694278,0.508099,0.694278,1,0.581001,0.768965,0.693574,0.666516,0.42013,1,0,0.666516,0.694278,0.333258,0.273806,0.435272,0,0.666516,0.112258,0,1,0,0.694278,0.254049,0.694278,0.254049,1,0,0.420472,0.333258,0,0.333258,0.58202,0.102014,0.694278,0.762148,0.694278,0.762148,1,0.508099,0.694278]],
    "faces":[43,0,1,3,2,0,0,1,2,3,0,0,0,0,43,2,3,7,6,0,4,5,6,7,1,1,1,1,43,6,7,5,4,0,8,9,10,11,2,2,2,2,43,1,0,4,5,0,14,15,12,13,3,3,3,3,43,4,0,2,6,0,18,19,16,17,4,4,4,4,43,7,3,1,5,0,20,21,0,22,5,5,5,5],
    "normals":[0.707107,0.644325,-0.291283,0,0.645411,0.763836,-0.816069,-0.575771,0.050195,-0,-0.411936,-0.911213,0.816069,-0.575771,0.050194,-0.707107,0.644325,-0.291283],
    "animations":[],
    "metadata":{
        "type":"Geometry",
        "normals":6,
        "version":3,
        "vertices":8,
        "uvs":1,
        "faces":6,
        "generator":"io_three",
        "materials":1
    },
    "materials":[{
        "depthTest":true,
        "blending":"NormalBlending",
        "wireframe":false,
        "depthWrite":true,
        "mapDiffuseAnisotropy":1,
        "opacity":1,
        "DbgColor":15658734,
        "DbgIndex":0,
        "shading":"phong",
        "specularCoef":50,
        "colorEmissive":[0,0,0],
        "colorSpecular":[0.5,0.5,0.5],
        "mapDiffuseRepeat":[1,1],
        "visible":true,
        "doubleSided":false,
        "mapDiffuse":"lala_enemy_bat_body_uv.png",
        "mapDiffuseWrap":["repeat","repeat"],
        "colorDiffuse":[0.64,0.64,0.64],
        "DbgName":"bat_body",
        "transparent":false
    }]
}