{
    "animations":[],
    "metadata":{
        "materials":1,
        "generator":"io_three",
        "faces":92,
        "normals":89,
        "uvs":1,
        "vertices":62,
        "type":"Geometry",
        "version":3
    },
    "uvs":[[-2.19838,-0.025581,-2.18453,-1.57256,-0.183792,-1.37379,0.137639,0.269339,1.08765,-0.752007,0.657678,0.624079,-0.590395,1.64046,-2.1985,1.56975,2.49827,0.556067,1.33488,1.36481,-0.039875,1.81357,2.75265,1.99891,1.66459,2.2127,2.6139,2.73638,1.40105,2.94614,2.09359,3.19814,0.988673,3.19823,0.225576,2.98857,-0.116241,3.19833,0.353029,2.47344,-0.756811,2.44507,-0.278291,2.64086,-2.19711,2.4427,-2.19267,2.80384,-0.760309,2.80183,-0.620055,2.86256,-0.287673,2.98359,-0.618614,2.94994,-2.1924,3.1985,-0.702948,3.12424,-0.715436,3.01446,-0.940146,2.98438,-0.85432,3.01571,-0.951388,2.92256,-0.89365,2.92631,-0.886756,2.96345,-0.829562,2.98332,-0.767651,2.9773,-0.723188,2.94938,-0.868706,2.90241,-0.796179,2.86632,-0.894591,2.86915,-0.721338,2.89941,-0.862331,2.93273,-0.846156,2.95265,-0.80929,2.9598,-0.77722,2.9499,-0.768353,2.92458,-0.783787,2.90491,-0.827851,2.89497,-0.801056,2.94081,-0.797016,2.92966,-0.801056,2.91851,-0.821159,2.91297,-0.844968,2.91668,-0.839376,2.92081,-0.848861,2.93067,-0.841261,2.94081,-0.821159,2.9463,3.1985,-1.52519,3.1985,3.19805,-2.18791,-2.1985]],
    "materials":[{
        "depthWrite":true,
        "blending":"NormalBlending",
        "depthTest":true,
        "transparent":false,
        "colorDiffuse":[0.64,0.64,0.64],
        "wireframe":false,
        "mapDiffuseRepeat":[1,1],
        "DbgName":"Material.002",
        "DbgIndex":0,
        "colorEmissive":[0,0,0],
        "colorSpecular":[0.5,0.5,0.5],
        "mapDiffuseWrap":["repeat","repeat"],
        "mapDiffuse":"ground.png",
        "mapDiffuseAnisotropy":1,
        "specularCoef":50,
        "DbgColor":15658734,
        "opacity":1,
        "doubleSided":false,
        "shading":"phong",
        "visible":true
    }],
    "vertices":[0.999999,2.9984,1,-1e-06,2.9984,1.20098,-1,2.9984,-1,0.794074,2.99684,-0.906268,1.49742,2.9984,0,-0.090018,2.9984,-1.37807,-1,2.9984,1,-1.4924,2.9984,-0,-1.81243,2.69245,2.18088,-2.05879,2.68578,-1.24851,-2.6997,2.60941,0.584216,3.11642,2.53622,-0.340267,0.458191,2.73247,2.62263,2.45029,2.4102,-2.37467,2.22301,2.64505,1.85346,-0.272456,2.78742,-2.0515,1.16605,2.86584,-1.18652,0.307861,2.32018,-3.61692,-3.0228,2.26617,-3.27485,-4.80516,2.23016,-0.430285,-4.26505,2.15815,2.64833,-1.76255,2.32018,4.86277,2.72034,2.19415,4.95279,5.69094,1.96011,1.22605,5.43889,1.87009,-3.67093,0.649929,1.79808,-6.4975,-4.89518,1.72606,-5.93939,-7.70374,1.56403,-1.67253,-7.59174,1.4147,5.23394,-1.80524,1.37737,10.0498,6.03454,1.19071,9.97514,11.485,0.929381,2.994,11.3357,-1.14867,-68.2927,-24.0553,-1.98082,-68.2927,-24.0553,-1.98081,199.881,399.59,-1.98081,199.881,460.023,-1.98081,-68.0691,-4.81792,0.582551,26.5,25.9253,0.30517,26.9623,43.4929,0.027786,3.15357,43.7241,-0.804365,-68.508,-17.42,-0.458087,5.82527,-24.0553,-1.98081,89.9516,-24.0553,-1.98081,34.987,-5.2216,-4.32783,51.9534,40.9939,-5.61764,58.2731,100.164,-3.60599,38.7599,115.642,1.89583,11.4619,-1.40077,-6.83411,110.388,64.3888,-7.55355,123.487,140.425,-5.71319,107.114,206.786,2.90675,73.5641,238.607,3.06224,47.6969,-24.0553,-1.98081,144.916,17.3578,-1.98081,170.799,83.5036,-1.98081,177.701,212.919,-1.98081,165.047,330.256,-1.98081,94.8753,386.049,-3.31225,31.6054,265.065,4.31378,-68.4896,121.969,4.77173,-68.4883,403.879,-1.98082,-67.9009],
    "faces":[43,59,61,58,52,0,0,1,2,3,0,0,0,0,43,52,58,57,51,0,3,2,4,5,1,1,1,1,43,59,52,47,60,0,0,3,6,7,2,2,2,2,43,51,57,56,50,0,5,4,8,9,3,3,3,3,42,51,47,52,0,5,6,3,4,4,4,43,47,51,50,46,0,6,5,9,10,5,5,5,5,43,50,56,55,49,0,9,8,11,12,6,6,6,6,43,49,55,54,48,0,12,11,13,14,7,7,7,7,43,53,42,48,54,0,15,16,14,13,8,8,8,8,43,44,48,42,43,0,17,14,16,18,9,9,9,9,43,45,49,48,44,0,19,12,14,17,10,10,10,10,43,46,50,49,45,0,10,9,12,19,11,11,11,11,43,39,46,45,38,0,20,10,19,21,12,12,12,12,43,40,47,46,39,0,22,6,10,20,13,13,13,13,42,47,40,60,0,6,22,7,14,14,14,43,32,40,39,31,0,23,22,20,24,15,15,15,15,43,31,39,38,30,0,24,20,21,25,16,16,16,16,43,38,45,44,37,0,21,19,17,26,17,17,17,17,43,30,38,37,29,0,25,21,26,27,18,18,18,18,42,43,33,41,0,18,28,29,19,19,19,42,41,37,44,0,29,26,17,20,20,20,42,41,44,43,0,29,17,18,21,21,21,43,28,29,37,41,0,30,27,26,29,22,22,22,22,42,27,28,41,0,32,30,29,23,23,23,42,33,25,26,0,28,33,31,24,24,24,42,26,27,41,0,31,32,29,25,25,25,42,26,41,33,0,31,29,28,26,26,26,42,21,30,29,0,38,25,27,27,27,27,42,29,28,27,0,27,30,32,28,28,28,42,27,26,25,0,32,31,33,29,29,29,42,25,13,17,0,33,39,34,30,30,30,42,25,17,18,0,33,34,35,31,31,31,42,20,21,29,0,37,38,27,32,32,32,42,20,29,27,0,37,27,32,33,33,33,42,27,25,18,0,32,33,35,34,34,34,42,19,20,27,0,36,37,32,35,35,35,42,18,19,27,0,35,36,32,36,36,36,42,24,25,33,0,41,33,28,37,37,37,42,33,32,31,0,28,23,24,38,38,38,42,30,21,22,0,25,38,42,39,39,39,42,30,22,23,0,25,42,40,40,40,40,42,24,33,31,0,41,28,24,41,41,41,42,31,30,23,0,24,25,40,42,42,42,42,23,24,31,0,40,41,24,43,43,43,42,18,15,9,0,35,43,44,44,44,44,42,18,9,10,0,35,44,45,45,45,45,42,20,19,18,0,37,36,35,46,46,46,42,22,21,20,0,42,38,37,47,47,47,42,24,23,22,0,41,40,42,48,48,48,42,13,25,24,0,39,33,41,49,49,49,42,11,13,24,0,49,39,41,50,50,50,42,20,18,10,0,37,35,45,51,51,51,42,20,10,8,0,37,45,46,52,52,52,42,11,24,22,0,49,41,42,53,53,53,42,14,11,22,0,48,49,42,54,54,54,42,22,20,8,0,42,37,46,55,55,55,42,12,14,22,0,47,48,42,56,56,56,42,8,12,22,0,46,47,42,57,57,57,42,13,11,14,0,39,49,48,58,58,58,42,14,12,6,0,48,47,50,59,59,59,42,14,6,1,0,48,50,51,60,60,60,42,17,13,14,0,34,39,48,61,61,61,42,15,18,17,0,43,35,34,62,62,62,42,16,15,17,0,54,43,34,63,63,63,42,14,1,0,0,48,51,52,64,64,64,42,14,0,4,0,48,52,53,65,65,65,42,16,17,14,0,54,34,48,66,66,66,42,14,4,16,0,48,53,54,67,67,67,42,6,12,8,0,50,47,46,68,68,68,42,8,10,9,0,46,45,44,69,69,69,42,16,4,3,0,54,53,55,70,70,70,42,16,3,5,0,54,55,56,71,71,71,42,7,6,8,0,58,50,46,72,72,72,42,7,8,9,0,58,46,44,73,73,73,42,15,16,5,0,43,54,56,74,74,74,42,2,7,9,0,57,58,44,75,75,75,42,15,5,2,0,43,56,57,76,76,76,42,9,15,2,0,44,43,57,77,77,77,42,1,6,7,0,51,50,58,78,78,78,42,7,2,5,0,58,57,56,78,78,78,42,5,3,4,0,56,55,53,79,79,79,42,4,0,1,0,53,52,51,78,78,78,42,1,7,5,0,51,58,56,78,78,78,42,5,4,1,0,56,53,51,80,80,80,42,34,53,54,0,60,15,13,81,81,81,42,34,54,55,0,60,13,11,82,82,82,42,61,36,35,0,1,61,59,83,83,83,42,58,61,35,0,2,1,59,84,84,84,42,35,34,55,0,59,60,11,85,85,85,42,35,55,56,0,59,11,8,86,86,86,42,57,58,35,0,4,2,59,87,87,87,42,35,56,57,0,59,8,4,88,88,88],