{
    "vertices":[-0.204038,-0.204038,2.30948,-0.204038,0.204038,2.30948,-0.204038,-0.204039,-2.30948,-0.204038,0.204038,-2.30948,0.204038,-0.204038,2.30948,0.204038,0.204038,2.30948,0.204038,-0.204039,-2.30948,0.204038,0.204038,-2.30948],
    "uvs":[],
    "faces":[35,0,1,3,2,0,0,0,0,0,35,2,3,7,6,0,1,1,1,1,35,6,7,5,4,0,2,2,2,2,35,1,0,4,5,0,3,3,3,3,35,4,0,2,6,0,4,4,4,4,35,7,3,1,5,0,5,5,5,5],
    "normals":[-1,0,0,-0,0,-1,1,0,0,0,0,1,0,-1,0,0,1,-0],
    "animations":[],
    "metadata":{
        "type":"Geometry",
        "normals":6,
        "version":3,
        "vertices":8,
        "uvs":0,
        "faces":6,
        "generator":"io_three",
        "materials":1
    },
    "materials":[{
        "depthTest":true,
        "blending":"NormalBlending",
        "wireframe":false,
        "depthWrite":true,
        "opacity":1,
        "DbgColor":15658734,
        "DbgIndex":0,
        "shading":"basic",
        "colorEmissive":[0,0,0],
        "visible":true,
        "doubleSided":false,
        "colorDiffuse":[0.64,0.080349,0.577005],
        "DbgName":"laser_geo",
        "transparent":false
    }]
}
