{
    "vertices":[-0.173771,-1.36447,0.829331,-1.00343,-0.937855,1.47406,-0.173771,-1.36688,0.352515,-0.987141,-0.96054,-2.36144,0.199489,-1.36404,0.829246,1.02969,-0.936792,1.47695,0.199489,-1.36654,0.352448,1.01286,-0.960467,-2.36144,-0.173771,-2.25584,0.651646,-0.173771,-2.26742,0.006058,0.199489,-2.25541,0.651562,0.199489,-2.26742,0.006058,-0.459871,-2.39101,1.14652,-0.459871,-2.41835,-0.547078,0.48559,-2.38993,1.1463,0.48559,-2.41835,-0.547072,-0.459871,-2.98861,1.14652,-0.459871,-3.01524,-0.567617,0.48559,-2.98753,1.1463,0.48559,-3.01524,-0.567611,-0.643748,-2.38482,0.325589,0.012858,-2.41988,-0.547128,0.669301,-2.38425,0.325359,0.01276,-2.38681,1.25147,-0.643621,-3.18708,0.332183,0.012859,-3.12572,-0.571415,0.669423,-3.1864,0.332195,0.013005,-3.09355,1.25384,0.555044,-2.79528,-0.560041,-0.529331,-2.79528,-0.560049,0.555058,-2.76491,1.21575,-0.529315,-2.766,1.21595,0.013049,-3.305,0.33652,0.01288,-2.76421,1.42466,-0.847806,-2.78074,0.328894,0.873448,-2.78006,0.328769,0.098984,-2.8037,-0.560335,-0.072234,-2.79949,-0.560192,0.01331,-2.88027,-0.565875,0.012734,-2.71976,-0.553731,0.098984,-2.8037,-2.69999,-0.072234,-2.79949,-2.69984,0.01331,-2.88027,-2.70553,0.012734,-2.71976,-2.69338],
    "uvs":[[0.500146,0.55857,0.355334,0.670775,0.357227,0.000495,0.500028,0.475243,0.706771,0,0.565264,0.475139,0.710667,0.670775,0.565382,0.558462,0.003898,0,0.353442,0.000499,0.355334,0.670822,0,0.670822,0.850804,0.633331,0.91604,0.633402,0.91604,0.790099,0.850804,0.790028,0.618922,0.670836,0.684158,0.670775,0.684158,0.833284,0.618922,0.833287,0.335428,0.853685,0.253787,0.836967,0.225175,0.670822,0.335428,0.694883,0.14354,0.687555,0.225175,0.829624,0.11495,0.853756,0.858042,0.423397,0.792806,0.423393,0.74278,0.337299,0.82538,0.318934,0.90802,0.337307,0.792824,0.536242,0.858059,0.536232,0.908067,0.633304,0.825446,0.633331,0.742826,0.633331,0.940152,0.480747,0.710667,0.480744,0.55166,0.780588,0.553129,0.860294,0.514735,0.848156,0.495451,0.765536,0.538245,0.765614,0.427249,0.826581,0.430416,0.981817,0.391052,0.970231,0.355334,0.828249,0.782588,0.78858,0.776489,0.943628,0.737724,0.94438,0.710667,0.786888,0.064161,0.764114,0.059214,0.859642,0.017632,0.851075,0,0.769664,0.825384,0.159977,0.710667,0.161601,0.74194,0.019451,0.824428,0,0.940147,0.160242,0.907177,0.018433,0.908955,0.317956,0.826347,0.318934,0.743718,0.318934,0.042969,0.670822,0.003489,0.686441,0.100807,0.677962,0.11495,0.759692,0.11495,0.842596,0.785779,0.633331,0.746406,0.644889,0.850804,0.646281,0.850804,0.78991,0.842047,0.942181,0.421142,0.671553,0.382379,0.670775,0.486701,0.673043,0.495451,0.825278,0.495451,0.968908,0.618653,0.765535,0.618922,0.848155,0.566373,0.765513,0.618922,0.682915,0.552394,0.750663,0.553129,0.670775,0.514735,0.682916,0.970076,0.318952,0.985055,0.319799,0.985055,0.693736,0.970076,0.692889,0.970076,0.692876,0.95522,0.694226,0.95522,0.320322,0.970076,0.318971,1,0.318934,1,0.692871,0.940152,0.692839,0.940152,0.318934,0.704534,0.692703,0.684475,0.691358,0.704534,0.671638]],
    "faces":[43,0,1,3,2,0,0,1,2,3,0,0,0,0,43,2,3,7,6,0,3,2,4,5,1,1,1,1,43,6,7,5,4,0,5,4,6,7,2,2,2,2,43,1,0,4,5,0,1,0,7,6,3,3,3,3,43,7,3,1,5,0,8,9,10,11,4,4,4,4,43,4,0,8,10,0,12,13,14,15,5,5,5,5,43,2,6,11,9,0,16,17,18,19,6,6,6,6,43,0,2,9,8,0,20,21,22,23,7,7,7,7,43,6,4,10,11,0,24,22,25,26,8,8,8,8,42,14,10,8,0,31,27,28,9,9,9,42,8,12,23,0,28,29,30,10,10,10,42,8,23,14,0,28,30,31,11,11,11,42,13,9,11,0,36,32,33,12,12,12,42,11,15,21,0,33,34,35,13,13,13,42,11,21,13,0,33,35,36,14,14,14,42,15,11,10,0,34,33,27,15,15,15,42,10,14,22,0,27,31,37,16,16,16,42,10,22,15,0,27,37,34,17,17,17,42,12,8,9,0,29,28,32,18,18,18,42,9,13,20,0,32,36,38,19,19,19,42,9,20,12,0,32,38,29,20,20,20,42,38,36,28,0,43,39,40,21,21,21,42,28,19,25,0,40,41,42,22,22,22,42,28,25,38,0,40,42,43,23,23,23,43,35,30,18,26,0,44,45,46,47,24,24,24,24,43,34,29,17,24,0,48,49,50,51,25,25,25,25,43,33,31,16,27,0,52,53,54,55,26,26,26,26,43,32,26,18,27,0,56,57,58,59,27,27,27,27,43,24,32,27,16,0,60,56,59,61,28,28,28,28,43,17,25,32,24,0,62,63,56,60,29,29,29,29,43,25,19,26,32,0,63,64,57,56,30,30,30,30,43,30,33,27,18,0,65,52,55,66,31,31,31,31,43,14,23,33,30,0,67,68,52,65,32,32,32,32,43,23,12,31,33,0,68,69,53,52,33,33,33,33,43,31,34,24,16,0,70,48,51,71,34,34,34,34,43,12,20,34,31,0,72,73,48,70,35,35,35,35,43,20,13,29,34,0,73,74,49,48,36,36,36,36,43,28,35,26,19,0,75,44,47,76,37,37,37,37,43,15,22,35,28,0,77,78,44,75,38,38,38,38,43,22,14,30,35,0,78,79,45,44,39,39,39,39,42,39,21,15,0,82,80,81,40,40,40,42,15,28,36,0,81,40,39,41,41,41,42,15,36,39,0,81,39,82,42,42,42,42,29,13,21,0,85,83,80,43,43,43,42,21,39,37,0,80,82,84,44,44,44,42,21,37,29,0,80,84,85,45,45,45,42,25,17,29,0,42,86,85,46,46,46,42,29,37,38,0,85,84,43,47,47,47,42,29,38,25,0,85,43,42,48,48,48,43,36,38,42,40,0,87,88,89,90,49,49,49,49,43,37,39,43,41,0,91,92,93,94,50,50,50,50,43,38,37,41,42,0,88,95,96,89,51,51,51,51,43,39,36,40,43,0,92,97,98,93,52,52,52,52,43,40,42,41,43,0,99,100,17,101,53,53,53,53],
    "normals":[-0.455634,-0.89016,0.00346,0.000168,-0.988984,-0.148026,0.455827,-0.890061,0.003621,-0.000125,-0.834357,0.551225,-0.000277,0.999982,-0.006041,0.000446,-0.195492,0.980705,-0.000247,0.358975,-0.933347,-1,0,0,1,-0,0,-0.001049,0.964812,0.262937,-0.059868,0.971188,0.230673,0.050507,0.978894,0.198032,0,0.964733,-0.263232,-0.003106,0.964318,-0.264728,0.003108,0.963781,-0.266677,0.441075,0.897315,-0.016698,0.312776,0.946738,0.076542,0.210024,0.974226,-0.082303,-0.449665,0.893054,-0.016023,-0.304991,0.947022,-0.100648,-0.207399,0.976775,0.053825,-0.000705,0.072949,-0.997335,6e-06,0.03439,-0.999408,0.007227,0.022553,-0.99972,0.861107,-0.406501,0.305372,-0.880192,-0.382653,-0.280783,-0.308767,-0.412063,0.857244,0.212564,-0.945508,0.246639,-0.210979,-0.94595,0.246305,-0.193865,-0.959159,-0.205986,0.194489,-0.95909,-0.20572,0.309964,-0.411944,0.856869,0.28135,0.318004,0.905382,-0.28169,0.317899,0.905313,-0.861086,-0.406709,0.305154,-0.90109,0.344532,0.263313,-0.907273,0.324436,-0.267576,0.880317,-0.382541,-0.280542,0.9072,0.324519,-0.267722,0.901106,0.344732,0.262999,4.7e-05,0.022016,-0.999758,8e-06,0.03439,-0.999408,-0.021751,0.056178,-0.998184,7e-06,0.03439,-0.999408,0.055293,0.021959,-0.998229,4e-06,0.034394,-0.999408,7e-06,0.03439,-0.999408,0.000338,0.070535,-0.997509,-0.007198,0.022579,-0.999719,0.666403,-0.745592,0,-0.684267,0.729232,0,-0.686594,-0.727041,0,0.697444,0.716639,-0,0.001022,0.075444,-0.99715],
    "animations":[],
    "metadata":{
        "type":"Geometry",
        "normals":54,
        "version":3,
        "vertices":44,
        "uvs":1,
        "faces":54,
        "generator":"io_three",
        "materials":1
    },
    "materials":[{
        "depthTest":true,
        "blending":"NormalBlending",
        "wireframe":false,
        "depthWrite":true,
        "opacity":1,
        "DbgColor":15597568,
        "DbgIndex":1,
        "shading":"phong",
        "specularCoef":50,
        "colorEmissive":[0,0,0],
        "colorSpecular":[0.5,0.5,0.5],
        "visible":true,
        "doubleSided":false,
        "colorDiffuse":[0.244836,0.64,0.195507],
        "DbgName":"rocket_gun",
        "transparent":false
    }]
}
