{
    "vertices":[-0.18663,-1.33803,1.45059,-1.01629,-0.911415,2.09532,-0.18663,-1.34961,-0.840143,-1,-0.9341,-1.74018,0.18663,-1.3376,1.45051,1.01683,-0.910353,2.09821,0.18663,-1.34961,-0.840143,1,-0.934027,-1.74018,-0.209746,-1.43939,-0.131371,-0.142188,-1.54092,1.19802,0.209734,-1.43939,-0.131371,0.142188,-1.54092,1.19802,-0.209746,-1.89541,-0.131371,-0.142188,-1.94634,1.19802,0.209734,-1.89541,-0.131371,0.142188,-1.94634,1.19802,0.209734,-1.43939,-3.49737,-0.209746,-1.43939,-3.49737,0.209734,-1.89541,-3.49737,-0.209746,-1.89541,-3.49737,-0.1481,-1.49588,2.00753,0.1481,-1.4962,2.00767,-0.1481,-1.9116,2.02933,0.1481,-1.91162,2.02894,-0.416955,-1.27378,2.04082,0.419226,-1.27281,2.0368,-0.404675,-2.1015,2.08765,0.404675,-2.10198,2.08572,-0.873094,-1.22846,3.15974,0.891206,-1.22846,3.15974,-0.738677,-2.11158,3.15164,0.74457,-2.11213,3.15164],
    "uvs":[[0.134586,0.518384,0,0.623335,0.00176,0.000462,0.134057,0.146379,0.326549,0,0.194673,0.146293,0.330169,0.623335,0.195201,0.518284,0.141746,0.477328,0.187927,0.477263,0.333795,0,0.658585,0.000465,0.660338,0.623229,0.330169,0.623229,0.744072,0.545979,0.726148,0.760814,0.660338,0.760577,0.670049,0.545712,0.198589,0.261376,0.130468,0.261473,0.857879,0.093155,0.857879,0.464577,0.842823,0.349499,0.824957,0.134629,0.759143,0.430906,0.759143,0.802284,0.857879,0.546622,0.926001,0.546622,0.915032,0.7625,0.868851,0.7625,0.768797,0.349762,0.759143,0.134862,0.915992,0.897442,0.86789,0.897507,0.672914,0,0.746938,0.000266,0.660338,0.895366,0.728459,0.895378,0.728459,0.969325,0.660338,0.969313,0.857879,0,0.926001,0,0.845586,0.895257,0.77156,0.89552,0.994122,0.546447,0.926001,0.546446,0.994122,0,0.098973,0.955942,0.099093,0.907841,0.134881,0.864207,0.134881,1,0.927018,0.546446,0.973199,0.546466,0.974102,0.678072,0.926001,0.678072,0.732746,0.892161,0.665294,0.895366,0.764126,0,0.831629,0.003295,0.031491,0.907746,0.031423,0.955847,0,0.997444,0.000247,0.866009,0.000314,0.809966,0,0.678532,0.1731,0.623335,0.173099,0.864207,0.330169,0.833095,0.330818,0.697303,0.512654,0.623229,0.512654,0.909742,0.182114,0.99491,0.1731,0.819588,0.316753,0.810019,0.316753,0.995812,0.656164,0.623229,0.656164,0.909742,0.512743,0.887914,0.512654,0.647042,0.1731,0.800321,0.182025,0.624561,0.316922,0.623335,0.316922,0.810019]],
    "faces":[43,0,1,3,2,0,0,1,2,3,0,0,0,0,43,2,3,7,6,0,3,2,4,5,1,1,1,1,43,6,7,5,4,0,5,4,6,7,2,2,2,2,43,1,0,4,5,0,1,0,7,6,3,3,3,3,43,4,0,9,11,0,7,0,8,9,4,4,4,4,43,7,3,1,5,0,10,11,12,13,5,5,5,5,43,10,11,15,14,0,14,15,16,17,6,6,6,6,43,2,6,10,8,0,3,5,18,19,7,7,7,7,43,0,2,8,9,0,20,21,22,23,8,8,8,8,43,6,4,11,10,0,24,25,15,14,9,9,9,9,43,12,14,15,13,0,26,27,28,29,10,10,10,10,43,9,8,12,13,0,23,22,30,31,11,11,11,11,43,13,15,23,22,0,29,28,32,33,12,12,12,12,43,10,14,18,16,0,14,17,34,35,13,13,13,13,43,17,16,18,19,0,36,37,38,39,14,14,14,14,43,14,12,19,18,0,27,26,40,41,15,15,15,15,43,12,8,17,19,0,30,22,42,43,16,16,16,16,43,8,10,16,17,0,44,45,41,46,17,17,17,17,43,21,20,24,25,0,47,48,49,50,18,18,18,18,43,11,9,20,21,0,51,52,53,54,19,19,19,19,43,15,11,21,23,0,16,15,55,56,20,20,20,20,43,9,13,22,20,0,23,31,57,58,21,21,21,21,43,22,23,27,26,0,59,60,61,62,22,22,22,22,43,21,25,27,23,0,47,50,61,60,23,23,23,23,43,26,27,31,30,0,63,64,65,66,24,24,24,24,43,25,24,28,29,0,67,68,69,70,25,25,25,25,43,26,30,28,24,0,71,72,73,74,26,26,26,26,43,22,26,24,20,0,59,62,49,48,27,27,27,27,43,29,28,30,31,0,75,76,77,78,28,28,28,28,43,31,27,25,29,0,79,80,81,82,29,29,29,29],
    "normals":[-0.456582,-0.889673,0.003763,2.8e-05,-0.907904,-0.419178,0.456778,-0.889572,0.003925,-0.000125,-0.834357,0.551224,0.000589,-0.779239,0.626726,-0.000277,0.999982,-0.006041,0.998712,0,0.050745,0,-0.992072,-0.125669,-0.998811,-0.045488,0.01751,0.998813,-0.045452,0.017513,0,-0.999267,-0.038285,-0.998711,0,0.050754,-7e-06,-0.999128,0.041754,1,0,-0,0,0,-1,0,-1,0,-1,0,0,0,1,-0,-0.003479,0.138749,-0.990321,0.00055,0.998467,-0.055353,0.999974,-0.000186,-0.007198,-0.999974,-0.000191,-0.007197,-0.002147,-0.289698,-0.957116,0.163913,-0.057453,-0.9848,-0.000456,-0.999955,-0.009499,-0.000434,0.999201,-0.039963,-0.937103,-0.087999,-0.337778,-0.174801,-0.055982,-0.983011,-2e-06,-0.00917,0.999958,0.933734,-0.096087,-0.34483],
    "animations":[],
    "metadata":{
        "type":"Geometry",
        "normals":30,
        "version":3,
        "vertices":32,
        "uvs":1,
        "faces":30,
        "generator":"io_three",
        "materials":1
    },
    "materials":[{
        "depthTest":true,
        "blending":"NormalBlending",
        "wireframe":false,
        "depthWrite":true,
        "opacity":1,
        "DbgColor":15658734,
        "DbgIndex":0,
        "shading":"phong",
        "specularCoef":50,
        "colorEmissive":[0,0,0],
        "colorSpecular":[0.5,0.5,0.5],
        "visible":true,
        "doubleSided":false,
        "colorDiffuse":[0.64,0.294176,0.074018],
        "DbgName":"laser_gun",
        "transparent":false
    }]
}
