{
    "vertices":[-0.338949,-3.42798,1.6355,-1.0129,-3.00222,2.0813,-0.338949,-3.43241,0.011831,-0.996611,-3.0249,-1.75421,0.345727,-3.4272,1.63535,1.02022,-3.00115,2.08419,0.345727,-3.43178,0.011708,1.00339,-3.02483,-1.75421,0.345727,-4.42385,0.659414,0.345727,-4.41926,2.28305,-0.338949,-4.42447,0.659536,-0.338949,-4.42005,2.28321,0.772738,-4.67255,-0.82641,0.972248,-4.41442,3.76866,-0.76596,-4.67395,-0.826134,-0.965471,-4.41664,3.7691,0.476466,-5.12235,-5.31087,2.48218,-5.14427,4.76677,-0.483977,-5.12535,-5.3104,-2.4999,-5.15089,4.76781,0.476337,-6.15884,-5.30518,2.86163,-6.5717,5.12643,-0.483848,-6.16183,-5.30462,-2.85486,-6.57829,5.12764,0.985601,-6.62849,0.259903,1.28506,-7.30716,4.73622,-1.00878,-6.63054,0.260306,-1.37352,-7.31033,4.73684,-0.003756,-5.12385,-5.31064,-0.003756,-6.16033,-5.3049,-0.483913,-5.64359,-5.30751,0.476401,-5.64059,-5.30802,0.934964,-4.49029,-5.77278,-0.941748,-4.492,-5.77162,0.886177,-6.61011,-5.76217,-0.88857,-6.61534,-5.76127,-0.003756,-4.36314,-5.77272,-0.003756,-6.88543,-5.75806,-1.30596,-5.55657,-5.76526,1.30798,-5.54886,-5.76658,0.472837,-5.1235,-6.22909,-0.480348,-5.12169,-6.22845,0.466755,-6.1566,-6.22134,-0.480173,-6.16067,-6.22059,-0.003756,-4.93654,-6.22877,-0.003756,-6.34764,-6.22097,-0.657453,-5.64413,-6.22452,0.649941,-5.64005,-6.22522],
    "uvs":[[0.500146,0.55857,0.355334,0.670775,0.357227,0.000495,0.500028,0.475243,0.706771,0,0.565264,0.475139,0.710667,0.670775,0.565382,0.558462,0.003898,0,0.353442,0.000499,0.355334,0.670822,0,0.670822,0.532646,0.475191,0,0]],
    "faces":[43,0,1,3,2,0,0,1,2,3,0,0,0,0,43,2,3,7,6,0,3,2,4,5,1,1,1,1,43,6,7,5,4,0,5,4,6,7,2,2,2,2,43,1,0,4,5,0,1,0,7,6,3,3,3,3,43,7,3,1,5,0,8,9,10,11,4,4,4,4,43,4,0,11,9,0,7,0,0,7,5,5,5,5,43,2,6,8,10,0,3,5,5,3,6,6,6,6,43,0,2,10,11,0,0,3,3,0,7,7,7,7,43,6,4,9,8,0,5,7,7,5,8,8,8,8,43,11,10,14,15,0,0,3,3,0,9,9,9,9,43,9,11,15,13,0,7,0,0,7,10,10,10,10,43,8,9,13,12,0,5,7,7,5,11,11,11,11,43,10,8,12,14,0,3,5,5,3,12,12,12,12,43,13,15,19,17,0,7,0,0,7,13,13,13,13,43,12,13,17,16,0,5,7,7,5,14,14,14,14,42,18,14,12,0,3,3,5,15,15,15,42,12,16,28,0,5,5,12,16,16,16,42,12,28,18,0,5,12,3,17,17,17,43,15,14,18,19,0,0,3,3,0,18,18,18,18,43,34,42,47,39,0,13,5,5,5,19,19,19,19,42,23,19,18,0,0,0,3,20,20,20,42,30,22,23,0,3,3,0,21,21,21,42,18,30,23,0,3,3,0,22,22,22,43,17,19,23,21,0,7,0,0,7,23,23,23,23,42,31,16,17,0,5,5,7,24,24,24,42,17,21,20,0,7,7,5,25,25,25,42,17,20,31,0,7,5,5,26,26,26,43,21,23,27,25,0,7,0,0,7,27,27,27,27,43,20,21,25,24,0,5,7,7,5,28,28,28,28,42,26,22,29,0,3,3,12,29,29,29,42,29,20,24,0,12,5,5,30,30,30,42,29,24,26,0,12,5,3,31,31,31,43,23,22,26,27,0,0,3,3,0,32,32,32,32,43,26,24,25,27,0,3,5,7,0,33,33,33,33,43,28,16,32,36,0,12,5,5,12,34,34,34,34,43,18,28,36,33,0,3,12,12,3,35,35,35,35,43,22,35,37,29,0,3,13,13,12,36,36,36,36,43,16,31,39,32,0,5,5,5,5,37,37,37,37,43,31,20,34,39,0,5,5,13,5,38,38,38,38,43,30,18,33,38,0,3,3,3,3,39,39,39,39,43,45,37,35,43,0,12,13,13,3,40,40,40,40,43,33,36,44,41,0,3,12,12,3,41,41,41,41,43,32,39,47,40,0,5,5,5,5,42,42,42,42,43,20,29,37,34,0,5,12,13,13,43,43,43,43,43,30,38,35,22,0,3,3,13,3,44,44,44,44,43,43,35,38,46,0,3,13,3,3,45,45,45,45,43,37,45,42,34,0,13,12,5,13,46,46,46,46,43,36,32,40,44,0,12,5,5,12,47,47,47,47,43,38,33,41,46,0,3,3,3,3,48,48,48,48,42,46,41,44,0,3,3,12,49,49,49,42,44,40,47,0,12,5,5,50,50,50,42,47,42,45,0,5,5,12,51,51,51,42,45,43,46,0,12,3,3,52,52,52,42,46,44,47,0,3,12,5,53,53,53,42,47,45,46,0,5,12,3,54,54,54],
    "normals":[-0.532324,-0.846537,0.002615,0.000242,-0.974428,-0.2247,0.532126,-0.846661,0.002741,-0.0002,-0.724227,0.689562,-0.000277,0.999982,-0.006041,-0.00044,0.546688,0.837337,0.000347,-0.546688,-0.837337,-1,0,0,1,-0,0,-0.227202,0.972653,-0.048224,-0.001151,0.999996,-0.002774,0.225238,0.973104,-0.048337,-0.000927,0.986235,-0.165349,-0.000906,0.806454,0.591296,0.540528,0.83598,-0.094697,-0.000923,0.994965,-0.100214,-0.003159,0.995023,-0.099593,-0.003159,0.995023,-0.099593,-0.534062,0.840214,-0.093905,0.585591,-0.228622,-0.777699,-0.962624,0.190958,-0.192068,-0.97512,-0.001357,-0.221676,-0.975119,-0.001357,-0.221676,-9.8e-05,0.244385,0.969678,0.980763,-0.001194,-0.1952,0.956608,0.201185,-0.210776,0.980763,-0.001194,-0.1952,0.000741,-0.469847,0.882747,0.378428,-0.915704,-0.135197,0.003053,-0.996491,-0.083643,0.003051,-0.99643,-0.08437,0.001007,-0.996464,-0.08401,-0.391522,-0.90965,-0.138731,0.001075,-0.988684,-0.15001,0.048096,0.541146,0.839552,-0.048874,0.540319,0.84004,-0.116184,-0.58161,0.805128,0.526788,0.12942,0.840086,0.55953,-0.145697,0.815903,-0.530411,0.126926,0.838185,-0.206316,-0.619153,-0.757683,-0.12695,0.568222,-0.813023,0.546751,0.185731,-0.816436,0.119973,-0.581025,0.804995,-0.562959,-0.145476,0.813581,-0.592548,-0.227564,-0.772723,0.209059,-0.617144,-0.758569,0.125678,0.567268,-0.813887,-0.552648,0.18323,-0.813023,0.00259,-0.008402,-0.999961,-0.004174,-0.008932,-0.999951,0.002623,-0.008433,-0.999961,-0.004369,-0.009113,-0.999949,-0.000516,-0.005533,-0.999985,-0.000516,-0.005533,-0.999985],
    "animations":[],
    "metadata":{
        "type":"Geometry",
        "normals":55,
        "version":3,
        "vertices":48,
        "uvs":1,
        "faces":55,
        "generator":"io_three",
        "materials":1
    },
    "materials":[{
        "depthTest":true,
        "blending":"NormalBlending",
        "wireframe":false,
        "depthWrite":true,
        "opacity":1,
        "DbgColor":60928,
        "DbgIndex":2,
        "shading":"phong",
        "specularCoef":50,
        "colorEmissive":[0,0,0],
        "colorSpecular":[0.5,0.5,0.5],
        "visible":true,
        "doubleSided":false,
        "colorDiffuse":[0.316124,0.437843,0.8],
        "DbgName":"pulse_gun",
        "transparent":false
    }]
}
