{
    "vertices":[1.68261,-0.847597,3.00525,1.92873,1.06975,2.57524,1.0512,1.0966,2.57602,1.48855,1.08376,2.57584,0.507807,1.1083,2.57633,0.500279,1.09604,2.88528,1.50055,1.07773,2.88646,1.00032,1.08168,2.88704,1.9117,1.06854,2.88646,1.66025,-0.847931,3.17815,0.09947,-0.708685,3.9161,0.600051,1.0017,3.92271,1.40011,1.00147,3.91734,0.399986,1.00279,3.92271,0.100454,1.00257,3.92271,1.09943,-0.710851,3.91604,1.4,-0.710653,3.91601,0.401282,-0.709044,3.9161,1.00001,-0.838105,3.1762,0.499615,-0.833068,3.17412,0.601783,-0.708012,3.9161,0.900266,-0.708407,3.9161,0.901499,1.0017,3.92271,1.10131,1.00142,3.92271,1.49994,-0.845534,3.17767,-1.68261,-0.847597,3.00525,-1.92873,1.06975,2.57525,2e-06,1.10912,2.57671,-1.0512,1.0966,2.57602,-1.48854,1.08376,2.57584,-0.507804,1.1083,2.57633,2e-06,-0.828888,3.17418,-0.500276,1.09604,2.88528,-1.50054,1.07773,2.88646,-1.00031,1.08168,2.88704,2e-06,1.10195,2.88515,-1.91169,1.06854,2.88646,-1.66025,-0.847931,3.17815,2e-06,-0.808328,3.029,-0.099465,-0.708685,3.9161,-0.600046,1.0017,3.92271,-1.40011,1.00147,3.91734,-0.399981,1.00279,3.92271,-0.100448,1.00257,3.92271,-1.09943,-0.710851,3.91604,-1.4,-0.710653,3.91601,-0.401277,-0.709044,3.9161,-1.00001,-0.838105,3.1762,-0.49961,-0.833068,3.17412,-0.601778,-0.708012,3.9161,-0.900261,-0.708407,3.9161,-0.901494,1.0017,3.92271,-1.10131,1.00142,3.92271,-1.49993,-0.845534,3.17767],
    "uvs":[[0.266536,0,0.307876,0.002266,0.30781,0.056949,0.266515,0.058546,0.949353,0.979864,0.926807,0.985218,0.909065,0.727319,0.949353,0.717692,0.266447,0.116712,0.30786,0.12348,0.307522,0.189986,0.266404,0.188985,0.003262,0.454502,0.001603,0.396335,9.5e-05,0.324063,0,0.256524,0.262016,0.256524,0.266404,0.480313,0.005061,0.513048,0.307464,0.256524,0.266448,0.256524,0.564717,0.223789,0.545837,0.223789,0.545907,0.15734,0.545707,0.090786,0.545624,0.024296,0.545597,0.002973,0.568442,0,0.445977,0.136624,0.445977,0.176717,0.921541,0.987779,0.949256,0.731,0.97058,0.730844,0.976238,0.987779,0.292749,0.762092,0.33249,0.762058,0.33249,0.989627,0.292513,0.989656,0.445969,0.203325,0.445971,0.243164,0.70362,0,0.70362,0.259587,0.568442,0.226116,0.602828,0.001137,0.446029,0.077564,0.44603,0.037587,0.445265,0.070307,0.445979,0.110048,0.659642,0.962665,0.625516,0.737528,0.76022,0.706955,0.76022,0.965609,0.334742,0.763061,0.334742,0.990336,0.295043,0.990312,0.294649,0.763089,0.334844,0.765653,0.334544,0.993082,0.294706,0.993082,0.294703,0.765576,0.445989,0.21056,0.445995,0.170419,0.445979,0.143752,0.445985,0.104053,0.760794,0.447578,0.760794,0.706955,0.659977,0.705341,0.625516,0.480293,0.304848,0.514813,0.40578,0.513048,0.40578,0.772402,0.270529,0.739597,0.445979,0.736007,0.581241,0.704961,0.581241,0.963116,0.480567,0.960805,0.661745,0.395487,0.762403,0.393472,0.762403,0.651606,0.627118,0.620565,0.266536,0.513048,0.266515,0.454502,0.30781,0.456098,0.307876,0.510782,0.445979,0.704961,0.506863,0.450224,0.526097,0.447578,0.486825,0.704196,0.965566,0.707583,0.965566,0.969857,0.925314,0.96019,0.943018,0.702199,0.266447,0.396335,0.266404,0.324063,0.307522,0.323061,0.30786,0.389567,0.003262,0.058546,0.005061,0,0.266404,0.032735,9.5e-05,0.188985,0.001603,0.116712,0.568442,0.447578,0.545597,0.444605,0.545624,0.423283,0.545707,0.356792,0.545907,0.290238,0.445977,0.336331,0.445977,0.376424,0.950776,0.961448,0.896079,0.961448,0.901738,0.704513,0.923062,0.704669,0.29588,0.989622,0.295644,0.762058,0.335621,0.762087,0.335621,0.989656,0.445971,0.269884,0.445969,0.309722,0.625516,0.463923,0.625516,0.691517,0.446029,0.370015,0.44603,0.409991,0.445979,0.403,0.445265,0.44274,0.872986,0.002963,0.973609,0,0.973609,0.258636,0.838904,0.228105,0.33661,0.990269,0.296518,0.990241,0.296912,0.763018,0.33661,0.762994,0.294703,0.762976,0.334844,0.762898,0.334842,0.990404,0.295003,0.990404,0.445995,0.27716,0.445989,0.237019,0.445979,0.303827,0.445985,0.343525,0.135277,0.772406,0,0.739734,0.034419,0.514682,0.135277,0.513048,0.169646,0.770675,0.135277,0.545896,0.270529,0.513048,0.270529,0.772421,0.646214,0.614572,0.680755,0.389769,0.781474,0.387437,0.781474,0.645574,0.738289,0.256158,0.70362,0.031084,0.838904,0,0.838904,0.258153]],
    "faces":[43,1,8,6,3,0,0,1,2,3,0,0,0,0,43,0,9,8,1,0,4,5,6,7,1,1,1,1,43,2,7,5,4,0,8,9,10,11,2,2,2,2,42,1,3,2,0,18,12,13,3,3,3,42,2,4,27,0,13,14,15,4,4,4,42,27,38,0,0,15,16,17,5,5,5,42,0,1,2,0,17,18,13,6,6,6,42,2,27,0,0,13,15,17,7,7,7,43,4,5,35,27,0,11,10,19,20,8,8,8,8,43,3,6,7,2,0,3,2,9,8,9,9,9,9,42,0,38,31,0,27,21,22,10,10,10,42,19,18,24,0,23,24,25,11,11,11,42,0,31,19,0,27,22,23,12,12,12,42,24,9,0,0,25,26,27,13,13,13,42,19,24,0,0,23,25,27,14,14,14,43,7,22,11,5,0,9,28,29,10,15,15,15,15,43,8,9,24,6,0,30,31,32,33,16,16,16,16,43,23,12,16,15,0,34,35,36,37,17,17,17,17,43,5,13,14,35,0,10,38,39,19,18,18,18,18,43,31,35,14,10,0,40,41,42,43,19,19,19,19,43,15,16,24,18,0,44,45,25,24,20,20,20,20,43,7,6,12,23,0,9,2,46,47,21,21,21,21,43,16,12,6,24,0,48,49,50,51,22,22,22,22,43,22,21,20,11,0,52,53,54,55,23,23,23,23,43,10,14,13,17,0,56,57,58,59,24,24,24,24,43,19,31,10,17,0,23,22,60,61,25,25,25,25,43,20,21,18,19,0,62,63,24,23,26,26,26,26,43,5,19,17,13,0,64,65,66,67,27,27,27,27,43,20,19,5,11,0,68,69,70,71,28,28,28,28,43,22,7,18,21,0,72,73,74,75,29,29,29,29,43,15,18,7,23,0,76,77,78,79,30,30,30,30,43,26,29,33,36,0,80,81,82,83,31,31,31,31,43,27,38,31,35,0,84,85,86,87,32,32,32,32,43,25,26,36,37,0,88,89,90,91,33,33,33,33,43,28,30,32,34,0,92,93,94,95,34,34,34,34,42,28,29,26,0,100,96,97,35,35,35,42,26,25,38,0,97,98,16,36,36,36,42,38,27,30,0,16,15,99,37,37,37,42,30,28,26,0,99,100,97,38,38,38,42,26,38,30,0,97,16,99,39,39,39,43,30,27,35,32,0,93,20,19,94,40,40,40,40,43,29,28,34,33,0,81,92,95,82,41,41,41,41,42,31,38,25,0,22,21,101,42,42,42,42,25,37,53,0,101,102,103,43,43,43,42,53,47,48,0,103,104,105,44,44,44,42,48,31,25,0,105,22,101,45,45,45,42,25,53,48,0,101,103,105,46,46,46,43,34,32,40,51,0,95,94,106,107,47,47,47,47,43,36,33,53,37,0,108,109,110,111,48,48,48,48,43,52,44,45,41,0,112,113,114,115,49,49,49,49,43,32,35,43,42,0,94,19,116,117,50,50,50,50,43,31,39,43,35,0,86,118,119,87,51,51,51,51,43,44,47,53,45,0,120,104,103,121,52,52,52,52,43,34,52,41,33,0,95,122,123,82,53,53,53,53,43,45,53,33,41,0,124,125,126,127,54,54,54,54,43,51,40,49,50,0,128,129,130,131,55,55,55,55,43,39,46,42,43,0,132,133,134,135,56,56,56,56,43,48,46,39,31,0,105,136,137,22,57,57,57,57,43,49,48,47,50,0,138,105,104,139,58,58,58,58,43,32,42,46,48,0,140,141,142,143,59,59,59,59,43,49,40,32,48,0,144,145,146,147,60,60,60,60,43,51,50,47,34,0,148,149,150,151,61,61,61,61,43,44,52,34,47,0,152,153,154,155,62,62,62,62],