{
    "uvs":[[0.252548,0.799339,0.307997,0.799339,0.307997,0.931021,0.252548,0.931021,0.057122,0.865183,0.001673,0.865183,0.001673,0.799339,0.057122,0.799339,0.057122,0.996866,0.001673,0.996866,0.069017,0.396568,0.136765,0.482196,0.141601,0.634822,0.137213,0.312613,0.142849,0.159678,0.21493,0.567714,0.288015,0.636186,0.419999,0.562162,0.495727,0.469266,0.495727,0.624075,0.293542,0.483651,0.361846,0.399296,0.293989,0.314067,0.289264,0.161043,0.215825,0.228548,0.051134,0.654196,0.001673,0.396235,0.052474,0.138856,0.17773,0.793071,0.322103,0.747708,0.416653,0.537348,0.416653,0.262113,0.323053,0.051748,0.179394,0.003134,0.52924,0.600253,0.499072,0.530941,0.52924,0.469266,0.535539,0.777014,0.508839,0.69486,0.535539,0.630343,0.505493,0.777414,0.478793,0.710247,0.505493,0.630343,0.545977,0.400133,0.516687,0.332361,0.545977,0.268449,0.513342,0.268449,0.513342,0.415517,0.486642,0.33599,0.342563,0.930846,0.311342,0.868183,0.342563,0.799339,0.406486,0.94641,0.379786,0.879797,0.406486,0.799339,0.561708,0.600944,0.532585,0.536056,0.561708,0.469266,0.535539,0.93035,0.508839,0.85042,0.535539,0.783681,0.450009,0.965821,0.419999,0.901104,0.450009,0.834138,0.505493,0.93075,0.478793,0.865805,0.505493,0.783681,0.376441,0.799339,0.376441,0.93102,0.345908,0.864958,0.419999,0.762026,0.475448,0.762026,0.475448,0.82787,0.419999,0.82787,0.193753,0.931021,0.193753,0.799339,0.249202,0.799339,0.249202,0.931021,0.419999,0.630343,0.475448,0.630343,0.12711,0.929036,0.12711,0.799339,0.190408,0.799339,0.190408,0.929036,0.483296,0.268449,0.483296,0.398147,0.419999,0.398147,0.419999,0.268449,0.483296,0.39815,0.483296,0.462999,0.419999,0.462999,0.419999,0.39815,0.483296,0.26845,0.419999,0.26845,0.123765,0.799339,0.123765,0.929036,0.060467,0.929036,0.060467,0.799339,0.854271,0.217735,0.854271,0.088211,0.913983,0.023967,0.973695,0.089246,0.973695,0.21877,0.913983,0.283015]],
    "materials":[{
        "shading":"phong",
        "doubleSided":false,
        "visible":true,
        "specularCoef":50,
        "transparent":false,
        "mapDiffuseWrap":["repeat","repeat"],
        "mapDiffuse":"launchpad.jpg",
        "depthWrite":true,
        "mapDiffuseRepeat":[1,1],
        "depthTest":true,
        "mapDiffuseAnisotropy":1,
        "colorSpecular":[0.5,0.5,0.5],
        "DbgColor":15658734,
        "wireframe":false,
        "DbgName":"Material.001",
        "DbgIndex":0,
        "opacity":1,
        "colorDiffuse":[0.64,0.64,0.64],
        "colorEmissive":[0,0,0],
        "blending":"NormalBlending"
    }],
    "faces":[43,17,31,28,13,0,0,1,2,3,0,0,0,0,43,0,14,13,28,0,4,5,6,7,1,1,1,1,43,0,32,18,14,0,4,8,9,5,2,2,2,2,42,2,11,1,0,10,11,12,3,3,3,42,7,2,6,0,13,10,14,4,4,4,42,11,2,7,0,11,10,13,5,5,5,42,1,9,5,0,12,15,16,6,6,6,42,9,11,1,0,17,18,19,7,7,7,42,10,3,5,0,20,21,16,8,8,8,42,9,10,5,0,15,20,16,9,9,9,42,3,12,4,0,21,22,23,10,10,10,42,12,3,10,0,22,21,20,11,11,11,42,4,8,6,0,23,24,14,12,12,12,42,8,4,12,0,24,23,22,13,13,13,42,8,7,6,0,24,13,14,14,14,14,42,1,21,2,0,12,25,10,15,15,15,42,19,2,21,0,26,10,25,16,16,16,42,19,20,2,0,26,27,10,17,17,17,42,21,1,22,0,25,12,28,18,18,18,42,5,22,1,0,16,28,12,19,19,19,42,22,5,23,0,28,16,29,20,20,20,42,23,5,25,0,29,16,30,21,21,21,42,3,25,5,0,21,30,16,22,22,22,42,24,25,3,0,31,30,21,23,23,23,42,4,24,3,0,23,31,21,24,24,24,42,24,4,26,0,31,23,32,25,25,25,42,26,4,27,0,32,23,33,26,26,26,42,6,27,4,0,14,33,23,27,27,27,42,20,27,6,0,27,33,14,28,28,28,42,2,20,6,0,10,27,14,29,29,29,42,18,7,14,0,34,35,36,30,30,30,42,8,18,7,0,37,38,39,31,31,31,42,7,14,11,0,40,41,42,32,32,32,42,13,11,14,0,43,44,45,33,33,33,42,11,9,13,0,46,47,48,34,34,34,42,13,9,17,0,49,50,51,35,35,35,42,9,17,10,0,52,53,54,36,36,36,42,15,10,17,0,55,56,57,37,37,37,42,10,15,12,0,58,59,60,38,38,38,42,16,12,15,0,61,62,63,39,39,39,42,12,16,8,0,64,65,66,40,40,40,42,16,18,8,0,67,68,69,41,41,41,43,15,29,30,16,0,70,71,72,73,42,42,42,42,43,18,16,30,32,0,74,75,76,77,43,43,43,43,43,17,31,29,15,0,78,79,71,70,44,44,44,44,43,47,45,51,53,0,80,81,82,83,45,45,45,45,43,47,48,54,53,0,84,85,86,87,46,46,46,46,43,49,46,52,55,0,88,89,90,91,47,47,47,47,43,50,49,55,56,0,92,88,91,93,48,48,48,48,43,48,46,52,54,0,85,89,90,86,49,49,49,49,43,50,45,51,56,0,94,95,96,97,50,50,50,50,42,56,55,52,0,103,98,99,51,51,51,42,52,54,53,0,99,100,101,52,52,52,42,53,51,56,0,101,102,103,53,53,53,42,52,53,56,0,99,101,103,54,54,54],
    "normals":[-0.497962,-0,-0.867199,-0.999997,0,-0.00236,-0.502054,0,0.864836,-0.364397,0.931244,-1e-06,-0.182186,0.931257,0.315545,-0.176932,0.978907,0.102154,-0.182177,0.931262,-0.315535,0.176928,-0.978908,0.102154,0.18219,0.931255,-0.315547,-1e-06,0.97891,-0.20429,0.364397,0.931244,-2e-06,0.176934,0.978907,-0.102155,0.182181,0.93126,0.315539,0.176929,0.978908,0.102153,-0,0.97891,0.20429,-0.167344,0.985899,-0,-0.215583,0.975752,0.037845,-0.141015,0.975628,0.168123,-0.217883,0.967877,-0.125464,-0.083101,0.986092,-0.143932,-0.07441,0.976494,-0.202292,0.07436,0.976497,-0.202296,0.083007,0.986124,-0.143765,0.218363,0.967875,-0.124639,0.167345,0.985898,-1e-06,0.216169,0.975597,0.038502,0.140789,0.975671,0.168061,0.083837,0.985843,0.145207,1e-06,0.967461,0.253022,-0.083826,0.985847,0.145186,0.33278,-0.748764,-0.573245,-1e-06,0.31293,0.949776,-0.826929,0.297058,0.477436,-0.671316,0.74117,-0.001585,0.832828,-0.274179,0.480856,0.337535,-0.735216,0.587816,-5e-06,0.267446,-0.963573,0.339213,0.737228,-0.58432,0.830362,0.284,-0.47942,0.667031,0.745028,0.00157,0.824308,0.306606,0.47593,0.329019,0.750624,0.572983,-0.999997,0,-0.002354,-0.497964,0,-0.867198,-0.502059,0,0.864833,-0.497964,0,-0.867198,0.999997,0,0.002354,0.497962,0,0.867199,0.999997,0,0.00236,0.502059,-0,-0.864833,-0.502054,0,0.864836,0,-1,0,-0,-1,0,0,-1,0,-0,-1,0],
    "vertices":[-8.73011,-0.015407,5.06388,-18.173,2.07655,-10.3935,-18.1731,2.07655,10.6572,18.2868,2.07655,-10.3932,18.2869,2.07655,10.6573,0.056873,2.07655,-20.9188,0.056912,2.07655,21.1826,-6.44992,4.11775,11.4016,6.56358,4.11775,11.4016,-6.44973,4.11775,-11.1377,6.56365,4.11775,-11.1378,-12.9566,4.11775,0.131941,13.0704,4.11775,0.131915,-8.70626,7.95644,-5.04072,-8.73011,7.95644,5.06388,8.79489,7.95644,-4.99929,8.77111,7.95644,5.10523,0.056236,7.95644,-10.0723,0.008583,7.95644,10.1369,-26.5837,0.031658,15.4693,-10.45,0.031659,29.0015,-30.2204,0.031657,-5.24695,-19.6958,0.031657,-23.524,0.056654,0.031656,-30.7897,30.3341,0.031657,-5.16624,19.8644,0.031657,-23.5088,26.649,0.031658,15.5237,10.5604,0.031659,29.0015,-8.70626,-0.015407,-5.04072,8.79489,-0.015407,-4.99929,8.77111,-0.015407,5.10523,0.056236,-0.015407,-10.0723,0.008583,-0.015407,10.1369,-8.70626,7.95644,-5.04072,-8.73011,7.95644,5.06388,8.79489,7.95644,-4.99929,8.77111,7.95644,5.10523,0.056236,7.95644,-10.0723,0.008583,7.95644,10.1369,-8.70626,7.95644,-5.04072,-8.73011,7.95644,5.06388,8.79489,7.95644,-4.99929,8.77111,7.95644,5.10523,0.056236,7.95644,-10.0723,0.008583,7.95644,10.1369,-0.015047,0.054257,9.98514,0.031887,0.054256,-9.91929,8.61535,0.054257,5.02938,8.63877,0.054256,-4.92276,-8.59847,0.054256,-4.96357,-8.62196,0.054257,4.98866,-0.015047,9.1545,9.98514,0.031887,9.1545,-9.91929,8.61535,9.1545,5.02938,8.63877,9.1545,-4.92276,-8.59847,9.1545,-4.96357,-8.62196,9.1545,4.98866],
    "animations":[],
    "metadata":{
        "faces":55,
        "uvs":1,
        "type":"Geometry",
        "materials":1,
        "version":3,
        "normals":55,
        "vertices":57,
        "generator":"io_three"
    }
}
