{
    "uvs":[[0.339616,1.95345,-1.14065,1.95345,-0.340855,-1.12052,1.01362,0.684499,1.37388,-1.12052,2.14065,0.684499,1.01362,2.10287,0.339616,0.167137,1.01362,-1.12052]],
    "materials":[{
        "shading":"phong",
        "doubleSided":false,
        "visible":true,
        "specularCoef":50,
        "transparent":false,
        "mapDiffuseWrap":["repeat","repeat"],
        "mapDiffuse":"pyramid.jpg",
        "depthWrite":true,
        "mapDiffuseRepeat":[1,1],
        "depthTest":true,
        "mapDiffuseAnisotropy":1,
        "colorSpecular":[0.5,0.5,0.5],
        "DbgColor":15658734,
        "wireframe":false,
        "DbgName":"Material",
        "DbgIndex":0,
        "opacity":1,
        "colorDiffuse":[0.64,0.64,0.64],
        "colorEmissive":[0,0,0],
        "blending":"NormalBlending"
    }],
    "faces":[42,3,0,2,0,0,1,2,0,0,0,42,1,0,3,0,3,4,5,1,1,1,42,2,1,3,0,6,7,8,2,2,2],
    "normals":[-0.679543,0.698496,0.224331,0.499133,-0.40068,-0.768324,0.955878,0.154946,0.24958],
    "vertices":[-26.1105,0.068194,-19.8165,4.40393,0.068194,0.006865,-6.18205,0.068196,40.5506,3.79521,27.5208,-14.7051],
    "animations":[],
    "metadata":{
        "faces":3,
        "uvs":1,
        "type":"Geometry",
        "materials":1,
        "version":3,
        "normals":3,
        "vertices":4,
        "generator":"io_three"
    }
}