{
    "uvs":[[0.756265,0.388365,0.5369,0.388365,0.5369,0.259326,0.756265,0.259326,0.215278,0.892693,0.000249,0.946704,0.089946,0.755787,0.000249,0.572585,0.215278,0.615987,0.363758,0.500249,0.400409,0.659363,0.536401,0.758679,0.40716,0.840636,0.362793,0.999751,0.5369,0.129289,0.5369,0.000249,0.747838,0.000249,0.951818,0.000249,0.951818,0.129289,0.747838,0.129289,0.5369,0.518402,0.719169,0.518402,0.719169,0.647442,0.5369,0.647442,0.758608,0.258827,0.5369,0.258827,0.5369,0.129787,0.758608,0.129787,0.888938,0.388864,0.888938,0.517904,0.725657,0.517904,0.725657,0.388864,0.5369,0.77698,0.5369,0.64794,0.705296,0.64794,0.705296,0.77698,0.888146,0.129787,0.888146,0.282823,0.759107,0.283223,0.759107,0.130187,0.870979,0.776979,0.705795,0.776979,0.706165,0.64794,0.87135,0.64794,0.5369,0.388864,0.725159,0.388864,0.725159,0.517904,0.5369,0.517904,0.000249,0.053297,0.215278,0.107307,0.362793,0.000249,0.407161,0.159364,0.536401,0.241321,0.400409,0.340637,0.363759,0.499751,0.215279,0.384013,0.00025,0.427415,0.089946,0.244214]],
    "materials":[{
        "shading":"phong",
        "doubleSided":false,
        "visible":true,
        "specularCoef":50,
        "transparent":false,
        "mapDiffuseWrap":["repeat","repeat"],
        "mapDiffuse":"star.png",
        "depthWrite":true,
        "mapDiffuseRepeat":[1,1],
        "depthTest":true,
        "mapDiffuseAnisotropy":1,
        "colorSpecular":[0.5,0.5,0.5],
        "DbgColor":15658734,
        "wireframe":false,
        "DbgName":"Material",
        "DbgIndex":0,
        "opacity":1,
        "colorDiffuse":[0.64,0.64,0.64],
        "colorEmissive":[0,0,0],
        "blending":"NormalBlending"
    }],
    "faces":[43,9,5,4,10,0,0,1,2,3,0,0,0,0,42,11,1,13,0,4,5,6,1,1,1,42,13,5,9,0,6,7,8,2,2,2,42,9,7,15,0,8,9,10,3,3,3,42,15,16,18,0,10,11,12,4,4,4,42,18,3,11,0,12,13,4,5,5,5,42,11,13,9,0,4,6,8,6,6,6,42,9,15,18,0,8,10,12,7,7,7,42,11,9,18,0,4,8,12,8,8,8,42,13,1,0,0,19,14,15,9,9,9,42,0,14,4,0,15,16,17,10,10,10,42,4,5,13,0,17,18,19,11,11,11,42,0,4,13,0,15,17,19,12,12,12,43,11,3,2,12,0,20,21,22,23,13,13,13,13,43,12,0,1,11,0,24,25,26,27,14,14,14,14,43,7,6,19,15,0,28,29,30,31,15,15,15,15,43,15,19,17,16,0,32,33,34,35,16,16,16,16,43,17,8,18,16,0,36,37,38,39,17,17,17,17,43,8,2,3,18,0,40,41,42,43,18,18,18,18,43,10,6,7,9,0,44,45,46,47,19,19,19,19,42,14,0,12,0,57,48,49,20,20,20,42,12,2,8,0,49,50,51,21,21,21,42,8,17,19,0,51,52,53,22,22,22,42,19,6,10,0,53,54,55,23,23,23,42,10,4,14,0,55,56,57,24,24,24,42,14,12,8,0,57,49,51,25,25,25,42,8,19,10,0,51,53,55,26,26,26,42,8,10,14,0,51,55,57,27,27,27],
    "normals":[0.980232,0,-0.19785,-0,1,-0,0,1,-0,-0,1,-0,0.002689,0.999994,-0.001964,-0.002478,0.999995,0.001799,0,1,-0,0.002639,0.999996,-0.000618,0,0.999997,0.002471,0.425227,-0,0.905087,0,-1,0,-0.43973,0,0.89813,0,0.570764,0.821114,-0.809328,0,0.587357,-0.969873,0,-0.243612,0.224461,-0,-0.974483,0.807567,0,-0.589776,-0.844513,0,-0.535536,-0.268586,-0,-0.963256,0.7887,0,0.614778,-0,-1,0,0.002478,-0.999995,-0.001799,-0.002689,-0.999994,0.001964,0,-1,-0,0,-1,0,0.001812,-0.999996,-0.001979,-0.002638,-0.999996,0.000618,-0.001081,-0.999999,-0.001206],
    "vertices":[-0.998502,-0.26418,1.47861,-0.998502,0.425653,1.47861,-1.28208,-0.264181,-0.459518,-1.28208,0.425653,-0.459518,1.0015,-0.26418,1.47861,1.0015,0.425653,1.47861,1.3882,-0.264181,-0.464674,1.3882,0.425653,-0.464674,-0.431474,-0.261646,-0.696694,0.769477,0.425653,0.329086,0.769477,-0.264181,0.329086,-0.709766,0.425653,0.329086,-0.709766,-0.264181,0.329086,0.022122,0.425653,0.999101,0.022122,-0.264181,0.999101,0.53759,0.425653,-0.660602,0.006654,0.425653,-1.3876,0.006654,-0.264181,-1.3876,-0.431474,0.428188,-0.696694,0.53759,-0.264181,-0.660602],
    "animations":[],
    "metadata":{
        "faces":28,
        "uvs":1,
        "type":"Geometry",
        "materials":1,
        "version":3,
        "normals":28,
        "vertices":20,
        "generator":"io_three"
    }
}